"Eat sleep rave repeat tank","Top","Men",19.95,"http://lghttp.5804.nexcesscdn.net/8047E9/ihrmagento/media/catalog/product/cache/5/image/366x475/1de22a124ca506b6739383833396e82c/e/a/eat_blue_1.jpg","http://www.iheartraves.com/eat-sleep-rave-repeat-tank","Iheartraves.com"
"PLUR tank","Top","Women",21.95,"http://lghttp.5804.nexcesscdn.net/8047E9/ihrmagento/media/catalog/product/cache/5/thumbnail/1000x/17f82f742ffe127f42dca9de82fb58b1/p/l/plur_tank_1.jpg","http://www.iheartraves.com/plur-women-s-tank","Iheartraves.com"
"Rave dance party crop top","Top","Women",19.95,"http://lghttp.5804.nexcesscdn.net/8047E9/ihrmagento/media/catalog/product/cache/5/thumbnail/366x475/17f82f742ffe127f42dca9de82fb58b1/r/a/ravedance_pk_1_1.jpg","http://www.iheartraves.com/rave-dance-party-crop-top","Iheartraves.com"
"Ancient vision tank","Top","Men",29.95,"http://lghttp.5804.nexcesscdn.net/8047E9/ihrmagento/media/catalog/product/cache/5/thumbnail/366x475/17f82f742ffe127f42dca9de82fb58b1/a/n/ancient.jpg","http://www.iheartraves.com/ancient-visions-tank","Iheartraves.com"
"Summer night tank","Top","Men",29.95,"http://lghttp.5804.nexcesscdn.net/8047E9/ihrmagento/media/catalog/product/cache/5/image/366x475/1de22a124ca506b6739383833396e82c/s/u/summer_nights_into_the_am_tank.jpg","http://www.iheartraves.com/summer-nights-tank","Iheartraves.com"
"Lightning bodysuit","Top","Women",12.95,"http://lghttp.5804.nexcesscdn.net/8047E9/ihrmagento/media/catalog/product/cache/5/thumbnail/366x475/17f82f742ffe127f42dca9de82fb58b1/p/u/purple_light_2.jpg","http://www.iheartraves.com/purple-lightning-bodysuit","Iheartraves.com"
"Unicorn leggings","Bottoms","Women",11.95,"http://lghttp.5804.nexcesscdn.net/8047E9/ihrmagento/media/catalog/product/cache/5/thumbnail/366x475/17f82f742ffe127f42dca9de82fb58b1/u/n/uni_1.jpg","http://www.iheartraves.com/unicorn-leggings","Iheartraves.com"
"Skeleton leggings","Bottoms","Women",31.95,"http://lghttp.5804.nexcesscdn.net/8047E9/ihrmagento/media/catalog/product/cache/5/image/366x475/1de22a124ca506b6739383833396e82c/s/k/skeletonbones1.jpg","http://www.iheartraves.com/skeleton-bones-leggings","Iheartraves.com"
"Rhinestone bra","Top","Women",34.95,"http://lghttp.5804.nexcesscdn.net/8047E9/ihrmagento/media/catalog/product/cache/5/thumbnail/366x475/17f82f742ffe127f42dca9de82fb58b1/p/e/pearl_3.jpg","http://www.iheartraves.com/pearl-rhinestone-bra","Iheartraves.com"
"Rubic Cube LED shirt","Top","Men",19.95,"http://lghttp.5804.nexcesscdn.net/8047E9/ihrmagento/media/catalog/product/r/u/rubix.gif","http://www.iheartraves.com/rubik-s-cube-led-shirt","Iheartraves.com"
"Diamond net tights","Bottoms","Women",6.95,"http://lghttp.5804.nexcesscdn.net/8047E9/ihrmagento/media/catalog/product/cache/5/thumbnail/366x475/17f82f742ffe127f42dca9de82fb58b1/d/i/diamondblk_1.jpg","http://www.iheartraves.com/spandex-diamond-net-pantyhose","Iheartraves.com"
"Fishnet thigh highs","Accessories","Women",6.95,"http://lghttp.5804.nexcesscdn.net/8047E9/ihrmagento/media/catalog/product/cache/5/image/366x475/1de22a124ca506b6739383833396e82c/w/h/wht_wht_bow_2.jpg","http://www.iheartraves.com/industrial-net-thigh-high-w-satin-bow-accent-white-white","Iheartraves.com"
"Wire shutter shades","Accessories","Unisex",34.95,"http://lghttp.5804.nexcesscdn.net/8047E9/ihrmagento/media/catalog/product/p/k/pkgn-ihrsm.gif","http://www.iheartraves.com/el-wire-shutter-shades-2-color-white","Iheartraves.com"
"Heart sunglasses","Accessories","Women",11.95,"http://lghttp.5804.nexcesscdn.net/8047E9/ihrmagento/media/catalog/product/cache/5/image/366x475/1de22a124ca506b6739383833396e82c/r/e/red_1_1_4_1.jpg","http://www.iheartraves.com/transparent-heart-sunglasses","Iheartraves.com"
"Solid shutter shades","Accessories","Unisex",39.95,"http://lghttp.5804.nexcesscdn.net/8047E9/ihrmagento/media/catalog/product/cache/5/thumbnail/366x475/17f82f742ffe127f42dca9de82fb58b1/s/h/shut_pk_1.jpg","http://www.iheartraves.com/white-el-wire-shutter-shades","Iheartraves.com"
"Doge space shirt","Top","Men",20.5,"http://hottopic.scene7.com/is/image/HotTopic/10129173_hi?$newht_product_lg$","http://www.hottopic.com/hottopic/Tees/AnimalTees/Shiba+Space+T-Shirt-10129173.jsp","Hot Topic"
"Where's the food tie dye shirt","Top","Men",22.5,"http://hottopic.scene7.com/is/image/HotTopic/10212017_hi?$newht_product_lg$","http://www.hottopic.com/hottopic/Guys/Tees/WTF+Wherex27s+The+Food+Tie+Dye+T-Shirt-10212017.jsp","Hot Topic"
"Music is my drug muscle tee","Top","Women",24.5,"http://hottopic.scene7.com/is/image/HotTopic/10207406_hi?$newht_product_lg$","http://www.hottopic.com/hottopic/Girls/Tees/Music+Is+My+Drug+Muscle+Girls+Top-10207406.jsp","Hot Topic"
"Don Diablo bracelets","Accessories","Unisex",28,"http://cdn.shopify.com/s/files/1/0464/9525/products/dondiablo-pack_1024x1024.jpg?v=1400699347","http://electricfamily.com/collections/bracelets/products/don-diablo-pack","Electric Family"
"Cedric Gervais bracelets","Accessories","Unisex",28,"http://cdn.shopify.com/s/files/1/0464/9525/products/Cedric_Gervais_Pack_1024x1024.jpg?v=1400023634","http://electricfamily.com/collections/bracelets/products/cedric-gervais-pack","Electric Family"
"Markus Schulz bracelet","Accessories","Unisex",13,"http://cdn.shopify.com/s/files/1/0464/9525/products/Markus_Schulz_1024x1024.jpg?v=1400023435","http://electricfamily.com/collections/bracelets/products/markus-schulz","Electric Family"
"EF logo hat","Accessories","Men",28,"http://cdn.shopify.com/s/files/1/0464/9525/products/woolhat_front_1024x1024.jpg?v=1400271545","http://electricfamily.com/collections/headwear/products/electric-family-logo-hat-wool-strapback","Electric Family"
"Galaxy skater dress","Bottoms","Women",80,"https://cdn.shopify.com/s/files/1/0115/5832/products/GalaxyPurpleSkaterDress2-4-WEB_grande.png?v=1389588137","https://blackmilkclothing.com/products/galaxy-purple-skater-dress","Blackmilk"
"Galaxy skater skirt","Bottoms","Women",50,"https://cdn.shopify.com/s/files/1/0115/5832/products/GalaxyPurpleSkirt_5-WEB_grande.png?v=1374037331","https://blackmilkclothing.com/products/galaxy-purple-skater-skirt","Blackmilk"
"Bolt crop top","Top","Women",25,"http://cdn.shopify.com/s/files/1/0464/9525/products/black_pink_1024x1024.jpg?v=1400532517","http://electricfamily.com/collections/apparel/products/bolt-crop-top","Electric Family"
"Neon tank","Top","Men",25,"http://cdn.shopify.com/s/files/1/0464/9525/products/scripttankgreen_grande.png?v=1402428661","http://electricfamily.com/collections/apparel/products/script-tank-neon-green","Electric Family"
"Keep calm & Rave on shirt","Top","Men",23.4,"http://image.spreadshirt.com/image-server/v1/compositions/110392046/views/1,width=280,height=280,appearanceId=54.png/keep-calm-rave-on_design.png","http://edmparty.spreadshirt.com/keep-calm-rave-on-A14805449/customize/color/54","EDM Party"
"Swedish House Mafia shirt","Top","Men",15,"http://image.spreadshirt.com/image-server/v1/compositions/1000076973/views/1,width=280,height=280,appearanceId=2.png/swedish-house-mafia-paint-splash_design.png","http://edmparty.spreadshirt.com/swedish-house-mafia-paint-splash-A15084982/customize/color/2","EDM Party"
"EDM Galaxy shirt","Top","Women",20.5,"http://image.spreadshirt.com/image-server/v1/compositions/110343516/views/1,width=280,height=280,appearanceId=1.png/edm-galaxy-women-s-tee_design.png","http://edmparty.spreadshirt.com/edm-galaxy-women-s-tee-A14762713/customize/color/1","EDM Party"
